,ID,Category,Type Code,Macro Name,Node Name,Version,Status,Description,Native Nodes,CTRL Tabs,Aspect Ratio Safe,IN Animation,OUT Animation,Main Animation,Dependencies,Last Test,Known Issues,Next Step,Unnamed: 18
0,GR-001,Grid,GR,TG_GR_Grid_AutoFill_v0.5.8,TG_GR_Grid_v0_5_8,0.5.8,Development / UNVERIFIED,"Auto-fill linear grid prototype. Element Size plus one shared Spacing value determine automatic Columns/Rows. v0.5.8 restores a safety cap, now 40 copies per axis, to prevent Resolve crashes at extremely small Size/Spacing values.","AlphaDivide, PipeRouter, Background, Merge, Transform, Fuse.Duplicate",MAIN,PARTIAL - linear auto-fill prototype only,No,No,No,DaVinci Resolve/Fusion bundled Fuse.Duplicate; no third-party dependencies,"v0.5.7 filled the full frame correctly, but user reported DaVinci Resolve crashes when Element Size / Spacing become too small and automatic duplicate counts grow too large.","v0.5.8 caps each automatically calculated axis at 40. This can produce up to 40x40 = 1600 duplicate positions, so the practical stability limit still requires Fusion testing.",Test v0.5.8 progressively at smaller Element Size / Spacing values. Verify Resolve stability and whether 40-per-axis is a safe practical ceiling; reduce cap if necessary before adding Honeycomb/Radial/Lines.,
1,IC-001,Icon,IC,TG_IC_IconLoaderTest_v0.1.2,TG_IC_IconLoaderTest_v0_1_2,0.1.2,Prototype / VERIFIED — Golden Reference,Temporary icon-loader logic test. v0.1.2 assigns explicit RGBA channel IDs 0-3 inside one ColorControl group while preserving a separate overall Opacity control.,"AlphaDivide, Loader, Transform, Background, Merge, Switch",MAIN,YES,No,No,No,Native DaVinci Resolve/Fusion nodes only,"2026-09-15 — user confirmed in Fusion that all controls work, including RGBA picker and separate Opacity.","No known functional issues in the tested logic. Loader file selection intentionally remains on the Loader node because this is a reusable logic reference, not a production macro.",Reuse this verified Loader → Transform → original/recolor → full-comp compositing logic and the RGBA IC_ControlID 0–3 pattern inside future nodes.,
2,AN-001,Animation,AN,TG_AN_InOutTest_v0.4,TG_AN_InOutTest_v0_4,0.4,Prototype / UNVERIFIED,"Universal external-image IN/OUT animation prototype. v0.4 adds a shared Pop Intensity control for Elastic Pop. 0 blends to Ease Out, 1 matches the original Elastic Pop, and values up to 2 amplify the overshoot. Opacity remains clamped to 0–1.","AlphaDivide, PipeRouter, Transform, Background, Merge",ANIMATION,YES,Fade and/or Scale with selectable easing including adjustable Elastic Pop,Fade and/or Scale with selectable easing including adjustable Elastic Pop,No,Native DaVinci Resolve/Fusion nodes only,2026-09-15 — user confirmed v0.3 Elastic Pop looks good. v0.4 adds adjustable Pop Intensity and awaits Fusion testing. v0.2 remains the archived Golden Reference.,v0.4 Pop Intensity is not yet tested in Fusion. OUT Start remains manual by design.,"Test Pop Intensity at 0, 0.5, 1 and 2 for IN and OUT, especially with Scale and Fade+Scale. Confirm exact start/end values and no expression errors.",
3,TX-001,Text,TX,TG_TX_Counter_v0.1.26,TG_TX_Counter_v0_1_26,0.1.26,VERIFIED — integrated Text+ final functional version,"Fully functional integrated Text+ counter. Native Text+ Font is first on Text page; native font/style pair, Size/Position, H/V alignment and unified RGBA picker are exposed. Number/time/countdown, easing and playback retained. Companion controller-only v0.1.18 remains verified Golden Reference without Text+.",MacroOperator; AlphaDivide CTRL; TextPlus native grouped RGBA,Controls; Text; Tools,YES — comp dimensions,Existing animation retained,No OUT,"Number/time/countdown, easing, playback retained",Native MacroOperator/AlphaDivide/TextPlus; Text+ justification structure cross-checked against mrJohnHolt WordByWord_Pro/Titles; verified TG IconLoader RGBA pattern,2026-09-23 — user confirmed v0.1.26 complete. Final functional integrated Text+ variant. v0.1.18 is the verified controller-only/no-Text+ variant. Both variants retained as framework references.,Billion clamp resolved. Inspector issue reported 2026-09-22: an empty first page 'CONTROLS' appears before MAIN/TOOLS. v0.1.14 remains functionally tested; page-removal fix not yet implemented or Fusion-tested. Other combinations not exhaustively retested; v0.1.11 experimental OUT excluded.,,
4,UI-001,User Interface,UI,TG_UI_Header_v0.1.21,TG_UI_Header_v0_1_21,0.1.21,Development / VERIFIED — auto-centering + TOOLS helper,Header auto-centers the combined icon+text block using Text+ DataWindow width. Text Width remains a real CTRL UserControl for reliable Fusion evaluation and is moved to the TOOLS page.,"MacroOperator, AlphaDivide, Loader, Transform, TextPlus, Background, Merge, Switch, PipeRouter",MAIN; TEXT; ICON; ANIMATION; TOOLS,YES — dynamic comp dimensions,Preserved from v0.1.10,Preserved from v0.1.10,No,Native DaVinci Resolve/Fusion nodes only; Text+ DataWindow width helper.,2026-09-26 — user confirmed v0.1.20 function; requested v0.1.21 TOOLS placement and then explicitly requested function/TOOLS structure be referenced.,Helper control must remain a defined UserControl; removing its UserControl definition in v0.1.19 caused GroupTransform.Center evaluation failure.,Use v0.1.21 as Header reference for DataWindow-based content centering and technical helper controls on TOOLS.,
5,UI-001,User Interface,UI,TG_UI_Header_v0.1.10,TG_UI_Header_v0_1_10,0.1.10,Development / VERIFIED — functional IN/OUT + Inspector controls,Header v0.1.10 adds independent Enable IN / Enable OUT checkboxes and suppresses the empty automatic Controls page using the framework Inspector pattern. User confirmed the result works perfectly. OUT intentionally uses standard easing only; Elastic Pop remains IN-only.,"MacroOperator, AlphaDivide, Loader, Transform, TextPlus, Background, Merge, Switch, PipeRouter",MAIN; TEXT; ICON; ANIMATION,YES — dynamic comp dimensions,Switchable; Icon scale+fade with selectable easing incl. Elastic Pop; Text fade+side-aware slide with delay,"Switchable; Text fade+inward slide first; delayed Icon fade+scale; standard easing only, no Elastic Pop",No,Native DaVinci Resolve/Fusion nodes only; verified TG Inspector page conventions; verified framework easing expressions.,"2026-09-26 — user confirmed v0.1.10 works perfectly, including independent IN/OUT checkboxes and corrected Inspector without empty Controls page.",No known functional issues in the tested v0.1.10 behavior. Elastic Pop intentionally omitted from OUT by design.,Use v0.1.10 as current Header reference. Preserve IN-only Elastic Pop and switchable IN/OUT architecture in future Header development.,"Test all four switch combinations and Inspector page rendering. If Controls is gone and animation switches work, reference the Inspector suppression pattern."
6,UI-002,UI-002,User Interface,UI,TG_UI_Pill_v0.4.22,TG_UI_Pill_v0_4_22,0.4.22,Development / VERIFIED — responsive Pill + Elastic Pop + side-aware Text Slide + ResolveFX DropShadow,"Based on user-confirmed v0.4.20 Elastic Pop and v0.4.21 shadow defaults. Adds optional side-aware Text Slide: IN moves text away from icon; OUT moves text toward icon. Existing layout, stagger, Pop, STYLE, Bevel and ResolveFX DropShadow preserved.","MacroOperator, AlphaDivide, TextPlus, Loader, Transform, RectangleMask, Background, Merge, Switch, BitmapMask, Displace, MatteControl, Blackmagic ResolveFX EdgeDetect, Blackmagic ResolveFX DropShadow",MAIN; TEXT; ICON; STYLE; ANIMATION; TOOLS,YES — dynamic comp dimensions,VERIFIED base — Container → Icon → Text stagger from v0.4.11,VERIFIED base — reverse content stagger from v0.4.11,No,Integrated Blackmagic ResolveFX EdgeDetect + DropShadow; DropShadow parameter names copied directly from user's Fusion node.,2026-09-27 — user confirmed v0.4.22 works ('top'). Text Slide moves away from icon on IN and toward icon on OUT; v0.4.20 Elastic Pop timing/scale was also confirmed; v0.4.21 shadow defaults accepted.,No known functional issues in tested v0.4.22.,"Use v0.4.22 as current verified TG_UI_Pill reference for responsive geometry, stagger, Elastic Pop, side-aware Text Slide, grouped STYLE Inspector and ResolveFX DropShadow."
7,UI-003,User Interface,UI,TG_UI_Card_v0.4.0,TG_UI_Card_v0_4_0,0.4.0,Development / UNVERIFIED — gradient background + polygon gradient overlay + inspector sections,"Based on VERIFIED v0.3.7; failed automatic Fit/Fill experiment removed by reverting to manual external Content Scale/X/Y. Adds Solid/Gradient background selection, editable Polygon-mask gradient overlay, and collapsible inspector section labels across MAIN/HEADER/CONTENT/FOOTER/STYLE/ANIMATION/TOOLS. Naming/page placement reviewed; Header Y/Padding moved to HEADER. Requires Fusion verification.","MacroOperator, AlphaDivide, TextPlus, Loader, Transform, RectangleMask, PolylineMask, Background, Merge, Switch, BitmapMask, Displace, MatteControl, Blackmagic ResolveFX EdgeDetect, Blackmagic ResolveFX DropShadow",MAIN; HEADER; CONTENT; FOOTER; STYLE; ANIMATION; TOOLS,YES — dynamic comp dimensions / aspect-ratio corrected Card container,Preserved from verified v0.3.7,Preserved from verified v0.3.7,No,Native/bundled DaVinci Resolve/Fusion tools; Blackmagic ResolveFX EdgeDetect/DropShadow,"Pending Fusion test of v0.4.0 gradient controls, published Polygon control, and collapsible Inspector labels.",UNVERIFIED: Gradient and published Polygon/Polyline inspector behavior must be tested in Fusion. v0.3.7 remains last VERIFIED Card reference.,"Test import first, then Solid/Gradient switch, gradient editor/start/end, Overlay enable/opacity/polygon editing, and every collapsible Inspector section. Correct only affected parts.",
,Type Code,Meaning,Notes
0,BG,Background,Background generators
1,UI,User Interface,UI / CTRL-facing tools
2,AR,Array,Transforms multiple external inputs; creates no array content internally
3,AN,Animation,Animation drivers
4,TX,Text,Text-related tools; default font Oswald
5,IC,Icon,Icon-related tools
6,SH,Shape,Shape tools
7,FX,Effect,Visual effects
8,MS,Mask,Mask tools
9,MG,Merge,Compositing helpers
10,TR,Transform,Transform tools
11,UT,Utility,General utilities
12,GR,Grid,Accepts one external image input and internally replicates it for grid distribution; generates no visual source content itself
,Range,Stage,Meaning
0,0.1–0.3,Prototype,Early structural experiments
1,0.4–0.5,Development,Core behavior under development
2,0.6–0.8,Testing,Validation and bug fixing
3,0.9,Release Candidate,Final verification
4,1.0+,Stable,Production use
,Rule,Description
0,Master source,This Google Sheet is the authoritative TG macro registry.
1,Registry update,"Every macro creation, modification, bug fix, version or status change updates the corresponding registry row."
2,Aspect ratio,"Always derive composition width, height and aspect ratio from the current Fusion comp."
3,Native nodes,Only native DaVinci Resolve / Fusion tools are allowed.
4,Text,All text nodes use Oswald by default.
5,Transparency,All macros except BG category output on a transparent full-comp canvas.
6,Array,AR macros have multiple external inputs and only transform/distribute those inputs; they never generate the source elements internally.
